LAST_UPDATE_2022,COUNTY,CANDIDATE_NAME_1,CANDIDATE_PARTY_1,CANDIDATE_NAME_2,CANDIDATE_PARTY_2,CANDIDATE_NAME_3,CANDIDATE_PARTY_3,CANDIDATE_NAME_4,CANDIDATE_PARTY_4,CANDIDATE_NAME_5,CANDIDATE_PARTY_5,CANDIDATE_NAME_6,CANDIDATE_PARTY_6,CANDIDATE_NAME_7,CANDIDATE_PARTY_7,CANDIDATE_NAME_8,CANDIDATE_PARTY_8,CANDIDATE_NAME_9,CANDIDATE_PARTY_9,VOTES_WON_1,VOTES_WON_2,VOTES_WON_3,VOTES_WON_4,VOTES_WON_5,VOTES_WON_6,VOTES_WON_7,VOTES_WON_8,VOTES_WON_9,TOTAL_VOTES_TALLIED,VOTE_SHARE_1,VOTE_SHARE_2,VOTE_SHARE_3,VOTE_SHARE_4,VOTE_SHARE_5,VOTE_SHARE_6,VOTE_SHARE_7,VOTE_SHARE_8,VOTE_SHARE_9,LEAD_PARTY,LEAD_CANDIDATE,RAW_MARGIN,MARGIN_PERCENTPOINTS,ST_TOTAL_VOTES_TALLIED,ST_VOTE_SHARE_1,ST_VOTE_SHARE_2,ST_VOTE_SHARE_3,ST_VOTE_SHARE_4,ST_VOTE_SHARE_5,ST_VOTE_SHARE_6,ST_VOTE_SHARE_7,ST_VOTE_SHARE_8,ST_VOTE_SHARE_9,ST_LEAD_PARTY,ST_LEAD_CANDIDATE,ST_RAW_MARGIN,ST_MARGIN_PERCENTPOINTS,ST_LEAD_VOTESHARE,ST_SECOND_PARTY,ST_SECOND_CANDIDATE,ST_SECOND_VOTESHARE,FIPS,WINNER_PARTY_16,WINNER_CANDIDATE_16,VOTE_SHARE_WINNER_16,MARGIN_PERCENTPOINTS_16,ST_WINNER_CANDIDATE_16,ST_WINNER_VOTESHARE_16,ST_MARGIN_PERCENTPOINTS_16,ST_WINNER_PARTY_16
Last updated at 11-13-2022 20:09,Alachua,Marco Rubio (REP),REP,Val Demings (DEM),DEM,Dennis Misigoy (LPF),LPF,Steven B. Grant (NPA),NPA,Tuan TQ Nguyen (NPA),NPA,Uloma Uma Ekpete (WRI),WRITE-IN/OTHER,Edward A. Gray (WRI),WRITE-IN/OTHER,Howard Knepper (WRI),WRITE-IN/OTHER,Moses Quiles (WRI),WRITE-IN/OTHER,39190,55359,439,349,285,0,0,0,0,95622,40.98,57.89,0.46,0.36,0.3,0.0,0.0,0.0,0.0,DEM,Val Demings (DEM),16169,16.91,7747909,57.69,41.26,0.41,0.41,0.22,0.0,0.0,0.0,0.0,REP,Marco Rubio (REP),1272824,16.43,57.69,DEM,Val Demings (DEM),41.26,12001,DEM,Patrick Murphy (DEM),54.5,11.9,Marco Rubio (REP),52,7.7,REP
Last updated at 11-13-2022 20:09,Baker,Marco Rubio (REP),REP,Val Demings (DEM),DEM,Dennis Misigoy (LPF),LPF,Steven B. Grant (NPA),NPA,Tuan TQ Nguyen (NPA),NPA,Uloma Uma Ekpete (WRI),WRITE-IN/OTHER,Edward A. Gray (WRI),WRITE-IN/OTHER,Howard Knepper (WRI),WRITE-IN/OTHER,Moses Quiles (WRI),WRITE-IN/OTHER,9431,1181,43,31,6,0,0,0,0,10692,88.21,11.05,0.4,0.29,0.06,0.0,0.0,0.0,0.0,REP,Marco Rubio (REP),8250,77.16,7747909,57.69,41.26,0.41,0.41,0.22,0.0,0.0,0.0,0.0,REP,Marco Rubio (REP),1272824,16.43,57.69,DEM,Val Demings (DEM),41.26,12003,REP,Marco Rubio (REP),79.5,62.4,Marco Rubio (REP),52,7.7,REP
Last updated at 11-13-2022 20:09,Bay,Marco Rubio (REP),REP,Val Demings (DEM),DEM,Dennis Misigoy (LPF),LPF,Steven B. Grant (NPA),NPA,Tuan TQ Nguyen (NPA),NPA,Uloma Uma Ekpete (WRI),WRITE-IN/OTHER,Edward A. Gray (WRI),WRITE-IN/OTHER,Howard Knepper (WRI),WRITE-IN/OTHER,Moses Quiles (WRI),WRITE-IN/OTHER,51587,14512,300,254,193,0,0,0,0,66846,77.17,21.71,0.45,0.38,0.29,0.0,0.0,0.0,0.0,REP,Marco Rubio (REP),37075,55.46,7747909,57.69,41.26,0.41,0.41,0.22,0.0,0.0,0.0,0.0,REP,Marco Rubio (REP),1272824,16.43,57.69,DEM,Val Demings (DEM),41.26,12005,REP,Marco Rubio (REP),72.5,49.5,Marco Rubio (REP),52,7.7,REP
Last updated at 11-13-2022 20:09,Bradford,Marco Rubio (REP),REP,Val Demings (DEM),DEM,Dennis Misigoy (LPF),LPF,Steven B. Grant (NPA),NPA,Tuan TQ Nguyen (NPA),NPA,Uloma Uma Ekpete (WRI),WRITE-IN/OTHER,Edward A. Gray (WRI),WRITE-IN/OTHER,Howard Knepper (WRI),WRITE-IN/OTHER,Moses Quiles (WRI),WRITE-IN/OTHER,8156,1941,37,55,19,0,0,0,0,10208,79.9,19.01,0.36,0.54,0.19,0.0,0.0,0.0,0.0,REP,Marco Rubio (REP),6215,60.88,7747909,57.69,41.26,0.41,0.41,0.22,0.0,0.0,0.0,0.0,REP,Marco Rubio (REP),1272824,16.43,57.69,DEM,Val Demings (DEM),41.26,12007,REP,Marco Rubio (REP),73.5,50.8,Marco Rubio (REP),52,7.7,REP
Last updated at 11-13-2022 20:09,Brevard,Marco Rubio (REP),REP,Val Demings (DEM),DEM,Dennis Misigoy (LPF),LPF,Steven B. Grant (NPA),NPA,Tuan TQ Nguyen (NPA),NPA,Uloma Uma Ekpete (WRI),WRITE-IN/OTHER,Edward A. Gray (WRI),WRITE-IN/OTHER,Howard Knepper (WRI),WRITE-IN/OTHER,Moses Quiles (WRI),WRITE-IN/OTHER,165109,98839,1233,1074,629,0,0,0,0,266884,61.87,37.03,0.46,0.4,0.24,0.0,0.0,0.0,0.0,REP,Marco Rubio (REP),66270,24.83,7747909,57.69,41.26,0.41,0.41,0.22,0.0,0.0,0.0,0.0,REP,Marco Rubio (REP),1272824,16.43,57.69,DEM,Val Demings (DEM),41.26,12009,REP,Marco Rubio (REP),58.3,22.0,Marco Rubio (REP),52,7.7,REP
Last updated at 11-13-2022 20:09,Broward,Marco Rubio (REP),REP,Val Demings (DEM),DEM,Dennis Misigoy (LPF),LPF,Steven B. Grant (NPA),NPA,Tuan TQ Nguyen (NPA),NPA,Uloma Uma Ekpete (WRI),WRITE-IN/OTHER,Edward A. Gray (WRI),WRITE-IN/OTHER,Howard Knepper (WRI),WRITE-IN/OTHER,Moses Quiles (WRI),WRITE-IN/OTHER,238847,353264,2076,2081,1221,0,0,0,0,597489,39.98,59.12,0.35,0.35,0.2,0.0,0.0,0.0,0.0,DEM,Val Demings (DEM),114417,19.15,7747909,57.69,41.26,0.41,0.41,0.22,0.0,0.0,0.0,0.0,REP,Marco Rubio (REP),1272824,16.43,57.69,DEM,Val Demings (DEM),41.26,12011,DEM,Patrick Murphy (DEM),63.8,29.8,Marco Rubio (REP),52,7.7,REP
Last updated at 11-13-2022 20:09,Calhoun,Marco Rubio (REP),REP,Val Demings (DEM),DEM,Dennis Misigoy (LPF),LPF,Steven B. Grant (NPA),NPA,Tuan TQ Nguyen (NPA),NPA,Uloma Uma Ekpete (WRI),WRITE-IN/OTHER,Edward A. Gray (WRI),WRITE-IN/OTHER,Howard Knepper (WRI),WRITE-IN/OTHER,Moses Quiles (WRI),WRITE-IN/OTHER,4063,698,13,40,12,0,0,0,0,4826,84.19,14.46,0.27,0.83,0.25,0.0,0.0,0.0,0.0,REP,Marco Rubio (REP),3365,69.73,7747909,57.69,41.26,0.41,0.41,0.22,0.0,0.0,0.0,0.0,REP,Marco Rubio (REP),1272824,16.43,57.69,DEM,Val Demings (DEM),41.26,12013,REP,Marco Rubio (REP),72.1,50.9,Marco Rubio (REP),52,7.7,REP
Last updated at 11-13-2022 20:09,Charlotte,Marco Rubio (REP),REP,Val Demings (DEM),DEM,Dennis Misigoy (LPF),LPF,Steven B. Grant (NPA),NPA,Tuan TQ Nguyen (NPA),NPA,Uloma Uma Ekpete (WRI),WRITE-IN/OTHER,Edward A. Gray (WRI),WRITE-IN/OTHER,Howard Knepper (WRI),WRITE-IN/OTHER,Moses Quiles (WRI),WRITE-IN/OTHER,63798,27737,253,451,138,0,0,0,0,92377,69.06,30.03,0.27,0.49,0.15,0.0,0.0,0.0,0.0,REP,Marco Rubio (REP),36061,39.04,7747909,57.69,41.26,0.41,0.41,0.22,0.0,0.0,0.0,0.0,REP,Marco Rubio (REP),1272824,16.43,57.69,DEM,Val Demings (DEM),41.26,12015,REP,Marco Rubio (REP),63.3,31.5,Marco Rubio (REP),52,7.7,REP
Last updated at 11-13-2022 20:09,Citrus,Marco Rubio (REP),REP,Val Demings (DEM),DEM,Dennis Misigoy (LPF),LPF,Steven B. Grant (NPA),NPA,Tuan TQ Nguyen (NPA),NPA,Uloma Uma Ekpete (WRI),WRITE-IN/OTHER,Edward A. Gray (WRI),WRITE-IN/OTHER,Howard Knepper (WRI),WRITE-IN/OTHER,Moses Quiles (WRI),WRITE-IN/OTHER,55033,19601,295,489,158,0,0,0,0,75576,72.82,25.94,0.39,0.65,0.21,0.0,0.0,0.0,0.0,REP,Marco Rubio (REP),35432,46.88,7747909,57.69,41.26,0.41,0.41,0.22,0.0,0.0,0.0,0.0,REP,Marco Rubio (REP),1272824,16.43,57.69,DEM,Val Demings (DEM),41.26,12017,REP,Marco Rubio (REP),62.4,31.7,Marco Rubio (REP),52,7.7,REP
Last updated at 11-13-2022 20:09,Clay,Marco Rubio (REP),REP,Val Demings (DEM),DEM,Dennis Misigoy (LPF),LPF,Steven B. Grant (NPA),NPA,Tuan TQ Nguyen (NPA),NPA,Uloma Uma Ekpete (WRI),WRITE-IN/OTHER,Edward A. Gray (WRI),WRITE-IN/OTHER,Howard Knepper (WRI),WRITE-IN/OTHER,Moses Quiles (WRI),WRITE-IN/OTHER,65935,23023,441,377,201,0,0,0,0,89977,73.28,25.59,0.49,0.42,0.22,0.0,0.0,0.0,0.0,REP,Marco Rubio (REP),42912,47.69,7747909,57.69,41.26,0.41,0.41,0.22,0.0,0.0,0.0,0.0,REP,Marco Rubio (REP),1272824,16.43,57.69,DEM,Val Demings (DEM),41.26,12019,REP,Marco Rubio (REP),74.0,51.9,Marco Rubio (REP),52,7.7,REP
Last updated at 11-13-2022 20:09,Collier,Marco Rubio (REP),REP,Val Demings (DEM),DEM,Dennis Misigoy (LPF),LPF,Steven B. Grant (NPA),NPA,Tuan TQ Nguyen (NPA),NPA,Uloma Uma Ekpete (WRI),WRITE-IN/OTHER,Edward A. Gray (WRI),WRITE-IN/OTHER,Howard Knepper (WRI),WRITE-IN/OTHER,Moses Quiles (WRI),WRITE-IN/OTHER,115983,46497,386,340,171,0,0,0,0,163377,70.99,28.46,0.24,0.21,0.1,0.0,0.0,0.0,0.0,REP,Marco Rubio (REP),69486,42.53,7747909,57.69,41.26,0.41,0.41,0.22,0.0,0.0,0.0,0.0,REP,Marco Rubio (REP),1272824,16.43,57.69,DEM,Val Demings (DEM),41.26,12021,REP,Marco Rubio (REP),68.3,39.1,Marco Rubio (REP),52,7.7,REP
Last updated at 11-13-2022 20:09,Columbia,Marco Rubio (REP),REP,Val Demings (DEM),DEM,Dennis Misigoy (LPF),LPF,Steven B. Grant (NPA),NPA,Tuan TQ Nguyen (NPA),NPA,Uloma Uma Ekpete (WRI),WRITE-IN/OTHER,Edward A. Gray (WRI),WRITE-IN/OTHER,Howard Knepper (WRI),WRITE-IN/OTHER,Moses Quiles (WRI),WRITE-IN/OTHER,18342,5066,93,103,45,0,0,0,0,23649,77.56,21.42,0.39,0.44,0.19,0.0,0.0,0.0,0.0,REP,Marco Rubio (REP),13276,56.14,7747909,57.69,41.26,0.41,0.41,0.22,0.0,0.0,0.0,0.0,REP,Marco Rubio (REP),1272824,16.43,57.69,DEM,Val Demings (DEM),41.26,12023,REP,Marco Rubio (REP),70.4,44.4,Marco Rubio (REP),52,7.7,REP
Last updated at 11-13-2022 20:09,Desoto,Marco Rubio (REP),REP,Val Demings (DEM),DEM,Dennis Misigoy (LPF),LPF,Steven B. Grant (NPA),NPA,Tuan TQ Nguyen (NPA),NPA,Uloma Uma Ekpete (WRI),WRITE-IN/OTHER,Edward A. Gray (WRI),WRITE-IN/OTHER,Howard Knepper (WRI),WRITE-IN/OTHER,Moses Quiles (WRI),WRITE-IN/OTHER,6466,2097,27,51,15,0,0,0,0,8656,74.7,24.23,0.31,0.59,0.17,0.0,0.0,0.0,0.0,REP,Marco Rubio (REP),4369,50.47,7747909,57.69,41.26,0.41,0.41,0.22,0.0,0.0,0.0,0.0,REP,Marco Rubio (REP),1272824,16.43,57.69,DEM,Val Demings (DEM),41.26,12027,REP,Marco Rubio (REP),64.3,32.8,Marco Rubio (REP),52,7.7,REP
Last updated at 11-13-2022 20:09,Dixie,Marco Rubio (REP),REP,Val Demings (DEM),DEM,Dennis Misigoy (LPF),LPF,Steven B. Grant (NPA),NPA,Tuan TQ Nguyen (NPA),NPA,Uloma Uma Ekpete (WRI),WRITE-IN/OTHER,Edward A. Gray (WRI),WRITE-IN/OTHER,Howard Knepper (WRI),WRITE-IN/OTHER,Moses Quiles (WRI),WRITE-IN/OTHER,5224,826,21,52,10,0,0,0,0,6133,85.18,13.47,0.34,0.85,0.16,0.0,0.0,0.0,0.0,REP,Marco Rubio (REP),4398,71.71,7747909,57.69,41.26,0.41,0.41,0.22,0.0,0.0,0.0,0.0,REP,Marco Rubio (REP),1272824,16.43,57.69,DEM,Val Demings (DEM),41.26,12029,REP,Marco Rubio (REP),72.2,49.5,Marco Rubio (REP),52,7.7,REP
Last updated at 11-13-2022 20:09,Duval,Marco Rubio (REP),REP,Val Demings (DEM),DEM,Dennis Misigoy (LPF),LPF,Steven B. Grant (NPA),NPA,Tuan TQ Nguyen (NPA),NPA,Uloma Uma Ekpete (WRI),WRITE-IN/OTHER,Edward A. Gray (WRI),WRITE-IN/OTHER,Howard Knepper (WRI),WRITE-IN/OTHER,Moses Quiles (WRI),WRITE-IN/OTHER,177181,147380,1560,1267,953,0,0,0,0,328341,53.96,44.89,0.48,0.39,0.29,0.0,0.0,0.0,0.0,REP,Marco Rubio (REP),29801,9.08,7747909,57.69,41.26,0.41,0.41,0.22,0.0,0.0,0.0,0.0,REP,Marco Rubio (REP),1272824,16.43,57.69,DEM,Val Demings (DEM),41.26,12031,REP,Marco Rubio (REP),56.3,16.2,Marco Rubio (REP),52,7.7,REP
Last updated at 11-13-2022 20:09,Escambia,Marco Rubio (REP),REP,Val Demings (DEM),DEM,Dennis Misigoy (LPF),LPF,Steven B. Grant (NPA),NPA,Tuan TQ Nguyen (NPA),NPA,Uloma Uma Ekpete (WRI),WRITE-IN/OTHER,Edward A. Gray (WRI),WRITE-IN/OTHER,Howard Knepper (WRI),WRITE-IN/OTHER,Moses Quiles (WRI),WRITE-IN/OTHER,73166,40741,596,459,419,0,0,0,0,115381,63.41,35.31,0.52,0.4,0.36,0.0,0.0,0.0,0.0,REP,Marco Rubio (REP),32425,28.1,7747909,57.69,41.26,0.41,0.41,0.22,0.0,0.0,0.0,0.0,REP,Marco Rubio (REP),1272824,16.43,57.69,DEM,Val Demings (DEM),41.26,12033,REP,Marco Rubio (REP),62.2,28.3,Marco Rubio (REP),52,7.7,REP
Last updated at 11-13-2022 20:09,Flagler,Marco Rubio (REP),REP,Val Demings (DEM),DEM,Dennis Misigoy (LPF),LPF,Steven B. Grant (NPA),NPA,Tuan TQ Nguyen (NPA),NPA,Uloma Uma Ekpete (WRI),WRITE-IN/OTHER,Edward A. Gray (WRI),WRITE-IN/OTHER,Howard Knepper (WRI),WRITE-IN/OTHER,Moses Quiles (WRI),WRITE-IN/OTHER,37885,20177,204,191,86,0,0,0,0,58543,64.71,34.47,0.35,0.33,0.15,0.0,0.0,0.0,0.0,REP,Marco Rubio (REP),17708,30.25,7747909,57.69,41.26,0.41,0.41,0.22,0.0,0.0,0.0,0.0,REP,Marco Rubio (REP),1272824,16.43,57.69,DEM,Val Demings (DEM),41.26,12035,REP,Marco Rubio (REP),58.1,20.6,Marco Rubio (REP),52,7.7,REP
Last updated at 11-13-2022 20:09,Franklin,Marco Rubio (REP),REP,Val Demings (DEM),DEM,Dennis Misigoy (LPF),LPF,Steven B. Grant (NPA),NPA,Tuan TQ Nguyen (NPA),NPA,Uloma Uma Ekpete (WRI),WRITE-IN/OTHER,Edward A. Gray (WRI),WRITE-IN/OTHER,Howard Knepper (WRI),WRITE-IN/OTHER,Moses Quiles (WRI),WRITE-IN/OTHER,3882,1470,23,29,10,0,0,0,0,5414,71.7,27.15,0.42,0.54,0.18,0.0,0.0,0.0,0.0,REP,Marco Rubio (REP),2412,44.55,7747909,57.69,41.26,0.41,0.41,0.22,0.0,0.0,0.0,0.0,REP,Marco Rubio (REP),1272824,16.43,57.69,DEM,Val Demings (DEM),41.26,12037,REP,Marco Rubio (REP),65.4,34.5,Marco Rubio (REP),52,7.7,REP
Last updated at 11-13-2022 20:09,Gadsden,Marco Rubio (REP),REP,Val Demings (DEM),DEM,Dennis Misigoy (LPF),LPF,Steven B. Grant (NPA),NPA,Tuan TQ Nguyen (NPA),NPA,Uloma Uma Ekpete (WRI),WRITE-IN/OTHER,Edward A. Gray (WRI),WRITE-IN/OTHER,Howard Knepper (WRI),WRITE-IN/OTHER,Moses Quiles (WRI),WRITE-IN/OTHER,6072,11090,63,99,23,0,0,0,0,17347,35.0,63.93,0.36,0.57,0.13,0.0,0.0,0.0,0.0,DEM,Val Demings (DEM),5018,28.93,7747909,57.69,41.26,0.41,0.41,0.22,0.0,0.0,0.0,0.0,REP,Marco Rubio (REP),1272824,16.43,57.69,DEM,Val Demings (DEM),41.26,12039,DEM,Patrick Murphy (DEM),66.4,35.0,Marco Rubio (REP),52,7.7,REP
Last updated at 11-13-2022 20:09,Gilchrist,Marco Rubio (REP),REP,Val Demings (DEM),DEM,Dennis Misigoy (LPF),LPF,Steven B. Grant (NPA),NPA,Tuan TQ Nguyen (NPA),NPA,Uloma Uma Ekpete (WRI),WRITE-IN/OTHER,Edward A. Gray (WRI),WRITE-IN/OTHER,Howard Knepper (WRI),WRITE-IN/OTHER,Moses Quiles (WRI),WRITE-IN/OTHER,6651,1084,40,47,14,0,0,0,0,7836,84.88,13.83,0.51,0.6,0.18,0.0,0.0,0.0,0.0,REP,Marco Rubio (REP),5567,71.04,7747909,57.69,41.26,0.41,0.41,0.22,0.0,0.0,0.0,0.0,REP,Marco Rubio (REP),1272824,16.43,57.69,DEM,Val Demings (DEM),41.26,12041,REP,Marco Rubio (REP),75.7,55.6,Marco Rubio (REP),52,7.7,REP
Last updated at 11-13-2022 20:09,Glades,Marco Rubio (REP),REP,Val Demings (DEM),DEM,Dennis Misigoy (LPF),LPF,Steven B. Grant (NPA),NPA,Tuan TQ Nguyen (NPA),NPA,Uloma Uma Ekpete (WRI),WRITE-IN/OTHER,Edward A. Gray (WRI),WRITE-IN/OTHER,Howard Knepper (WRI),WRITE-IN/OTHER,Moses Quiles (WRI),WRITE-IN/OTHER,3026,764,10,16,2,0,0,0,0,3818,79.26,20.01,0.26,0.42,0.05,0.0,0.0,0.0,0.0,REP,Marco Rubio (REP),2262,59.25,7747909,57.69,41.26,0.41,0.41,0.22,0.0,0.0,0.0,0.0,REP,Marco Rubio (REP),1272824,16.43,57.69,DEM,Val Demings (DEM),41.26,12043,REP,Marco Rubio (REP),68.1,40.3,Marco Rubio (REP),52,7.7,REP
Last updated at 11-13-2022 20:09,Gulf,Marco Rubio (REP),REP,Val Demings (DEM),DEM,Dennis Misigoy (LPF),LPF,Steven B. Grant (NPA),NPA,Tuan TQ Nguyen (NPA),NPA,Uloma Uma Ekpete (WRI),WRITE-IN/OTHER,Edward A. Gray (WRI),WRITE-IN/OTHER,Howard Knepper (WRI),WRITE-IN/OTHER,Moses Quiles (WRI),WRITE-IN/OTHER,5065,1295,19,24,12,0,0,0,0,6415,78.96,20.19,0.3,0.37,0.19,0.0,0.0,0.0,0.0,REP,Marco Rubio (REP),3770,58.77,7747909,57.69,41.26,0.41,0.41,0.22,0.0,0.0,0.0,0.0,REP,Marco Rubio (REP),1272824,16.43,57.69,DEM,Val Demings (DEM),41.26,12045,REP,Marco Rubio (REP),72.0,47.7,Marco Rubio (REP),52,7.7,REP
Last updated at 11-13-2022 20:09,Hamilton,Marco Rubio (REP),REP,Val Demings (DEM),DEM,Dennis Misigoy (LPF),LPF,Steven B. Grant (NPA),NPA,Tuan TQ Nguyen (NPA),NPA,Uloma Uma Ekpete (WRI),WRITE-IN/OTHER,Edward A. Gray (WRI),WRITE-IN/OTHER,Howard Knepper (WRI),WRITE-IN/OTHER,Moses Quiles (WRI),WRITE-IN/OTHER,3030,1213,18,15,4,0,0,0,0,4280,70.79,28.34,0.42,0.35,0.09,0.0,0.0,0.0,0.0,REP,Marco Rubio (REP),1817,42.45,7747909,57.69,41.26,0.41,0.41,0.22,0.0,0.0,0.0,0.0,REP,Marco Rubio (REP),1272824,16.43,57.69,DEM,Val Demings (DEM),41.26,12047,REP,Marco Rubio (REP),56.9,17.6,Marco Rubio (REP),52,7.7,REP
Last updated at 11-13-2022 20:09,Hardee,Marco Rubio (REP),REP,Val Demings (DEM),DEM,Dennis Misigoy (LPF),LPF,Steven B. Grant (NPA),NPA,Tuan TQ Nguyen (NPA),NPA,Uloma Uma Ekpete (WRI),WRITE-IN/OTHER,Edward A. Gray (WRI),WRITE-IN/OTHER,Howard Knepper (WRI),WRITE-IN/OTHER,Moses Quiles (WRI),WRITE-IN/OTHER,4465,971,23,30,8,0,0,0,0,5497,81.23,17.66,0.42,0.55,0.15,0.0,0.0,0.0,0.0,REP,Marco Rubio (REP),3494,63.56,7747909,57.69,41.26,0.41,0.41,0.22,0.0,0.0,0.0,0.0,REP,Marco Rubio (REP),1272824,16.43,57.69,DEM,Val Demings (DEM),41.26,12049,REP,Marco Rubio (REP),68.7,41.7,Marco Rubio (REP),52,7.7,REP
Last updated at 11-13-2022 20:09,Hendry,Marco Rubio (REP),REP,Val Demings (DEM),DEM,Dennis Misigoy (LPF),LPF,Steven B. Grant (NPA),NPA,Tuan TQ Nguyen (NPA),NPA,Uloma Uma Ekpete (WRI),WRITE-IN/OTHER,Edward A. Gray (WRI),WRITE-IN/OTHER,Howard Knepper (WRI),WRITE-IN/OTHER,Moses Quiles (WRI),WRITE-IN/OTHER,6000,2116,36,54,14,0,0,0,0,8220,72.99,25.74,0.44,0.66,0.17,0.0,0.0,0.0,0.0,REP,Marco Rubio (REP),3884,47.25,7747909,57.69,41.26,0.41,0.41,0.22,0.0,0.0,0.0,0.0,REP,Marco Rubio (REP),1272824,16.43,57.69,DEM,Val Demings (DEM),41.26,12051,REP,Marco Rubio (REP),61.2,25.6,Marco Rubio (REP),52,7.7,REP
Last updated at 11-13-2022 20:09,Hernando,Marco Rubio (REP),REP,Val Demings (DEM),DEM,Dennis Misigoy (LPF),LPF,Steven B. Grant (NPA),NPA,Tuan TQ Nguyen (NPA),NPA,Uloma Uma Ekpete (WRI),WRITE-IN/OTHER,Edward A. Gray (WRI),WRITE-IN/OTHER,Howard Knepper (WRI),WRITE-IN/OTHER,Moses Quiles (WRI),WRITE-IN/OTHER,54776,24271,352,462,213,0,0,0,0,80074,68.41,30.31,0.44,0.58,0.27,0.0,0.0,0.0,0.0,REP,Marco Rubio (REP),30505,38.1,7747909,57.69,41.26,0.41,0.41,0.22,0.0,0.0,0.0,0.0,REP,Marco Rubio (REP),1272824,16.43,57.69,DEM,Val Demings (DEM),41.26,12053,REP,Marco Rubio (REP),58.2,22.7,Marco Rubio (REP),52,7.7,REP
Last updated at 11-13-2022 20:09,Highlands,Marco Rubio (REP),REP,Val Demings (DEM),DEM,Dennis Misigoy (LPF),LPF,Steven B. Grant (NPA),NPA,Tuan TQ Nguyen (NPA),NPA,Uloma Uma Ekpete (WRI),WRITE-IN/OTHER,Edward A. Gray (WRI),WRITE-IN/OTHER,Howard Knepper (WRI),WRITE-IN/OTHER,Moses Quiles (WRI),WRITE-IN/OTHER,28715,10428,146,266,61,0,0,0,0,39616,72.48,26.32,0.37,0.67,0.15,0.0,0.0,0.0,0.0,REP,Marco Rubio (REP),18287,46.16,7747909,57.69,41.26,0.41,0.41,0.22,0.0,0.0,0.0,0.0,REP,Marco Rubio (REP),1272824,16.43,57.69,DEM,Val Demings (DEM),41.26,12055,REP,Marco Rubio (REP),62.5,30.3,Marco Rubio (REP),52,7.7,REP
Last updated at 11-13-2022 20:09,Hillsborough,Marco Rubio (REP),REP,Val Demings (DEM),DEM,Dennis Misigoy (LPF),LPF,Steven B. Grant (NPA),NPA,Tuan TQ Nguyen (NPA),NPA,Uloma Uma Ekpete (WRI),WRITE-IN/OTHER,Edward A. Gray (WRI),WRITE-IN/OTHER,Howard Knepper (WRI),WRITE-IN/OTHER,Moses Quiles (WRI),WRITE-IN/OTHER,253195,222090,2492,2342,1616,0,0,0,0,481735,52.56,46.1,0.52,0.49,0.34,0.0,0.0,0.0,0.0,REP,Marco Rubio (REP),31105,6.46,7747909,57.69,41.26,0.41,0.41,0.22,0.0,0.0,0.0,0.0,REP,Marco Rubio (REP),1272824,16.43,57.69,DEM,Val Demings (DEM),41.26,12057,REP,Marco Rubio (REP),48.1,0.5,Marco Rubio (REP),52,7.7,REP
Last updated at 11-13-2022 20:09,Holmes,Marco Rubio (REP),REP,Val Demings (DEM),DEM,Dennis Misigoy (LPF),LPF,Steven B. Grant (NPA),NPA,Tuan TQ Nguyen (NPA),NPA,Uloma Uma Ekpete (WRI),WRITE-IN/OTHER,Edward A. Gray (WRI),WRITE-IN/OTHER,Howard Knepper (WRI),WRITE-IN/OTHER,Moses Quiles (WRI),WRITE-IN/OTHER,6148,556,23,34,6,0,0,0,0,6767,90.85,8.22,0.34,0.5,0.09,0.0,0.0,0.0,0.0,REP,Marco Rubio (REP),5592,82.64,7747909,57.69,41.26,0.41,0.41,0.22,0.0,0.0,0.0,0.0,REP,Marco Rubio (REP),1272824,16.43,57.69,DEM,Val Demings (DEM),41.26,12059,REP,Marco Rubio (REP),83.7,72.1,Marco Rubio (REP),52,7.7,REP
Last updated at 11-13-2022 20:09,Indian River,Marco Rubio (REP),REP,Val Demings (DEM),DEM,Dennis Misigoy (LPF),LPF,Steven B. Grant (NPA),NPA,Tuan TQ Nguyen (NPA),NPA,Uloma Uma Ekpete (WRI),WRITE-IN/OTHER,Edward A. Gray (WRI),WRITE-IN/OTHER,Howard Knepper (WRI),WRITE-IN/OTHER,Moses Quiles (WRI),WRITE-IN/OTHER,50843,25586,267,297,133,0,0,0,0,77126,65.92,33.17,0.35,0.39,0.17,0.0,0.0,0.0,0.0,REP,Marco Rubio (REP),25257,32.75,7747909,57.69,41.26,0.41,0.41,0.22,0.0,0.0,0.0,0.0,REP,Marco Rubio (REP),1272824,16.43,57.69,DEM,Val Demings (DEM),41.26,12061,REP,Marco Rubio (REP),61.0,25.2,Marco Rubio (REP),52,7.7,REP
Last updated at 11-13-2022 20:09,Jackson,Marco Rubio (REP),REP,Val Demings (DEM),DEM,Dennis Misigoy (LPF),LPF,Steven B. Grant (NPA),NPA,Tuan TQ Nguyen (NPA),NPA,Uloma Uma Ekpete (WRI),WRITE-IN/OTHER,Edward A. Gray (WRI),WRITE-IN/OTHER,Howard Knepper (WRI),WRITE-IN/OTHER,Moses Quiles (WRI),WRITE-IN/OTHER,11998,3834,40,77,12,0,0,0,0,15961,75.17,24.02,0.25,0.48,0.08,0.0,0.0,0.0,0.0,REP,Marco Rubio (REP),8164,51.15,7747909,57.69,41.26,0.41,0.41,0.22,0.0,0.0,0.0,0.0,REP,Marco Rubio (REP),1272824,16.43,57.69,DEM,Val Demings (DEM),41.26,12063,REP,Marco Rubio (REP),66.2,35.7,Marco Rubio (REP),52,7.7,REP
Last updated at 11-13-2022 20:09,Jefferson,Marco Rubio (REP),REP,Val Demings (DEM),DEM,Dennis Misigoy (LPF),LPF,Steven B. Grant (NPA),NPA,Tuan TQ Nguyen (NPA),NPA,Uloma Uma Ekpete (WRI),WRITE-IN/OTHER,Edward A. Gray (WRI),WRITE-IN/OTHER,Howard Knepper (WRI),WRITE-IN/OTHER,Moses Quiles (WRI),WRITE-IN/OTHER,4137,2929,24,24,10,0,0,0,0,7124,58.07,41.11,0.34,0.34,0.14,0.0,0.0,0.0,0.0,REP,Marco Rubio (REP),1208,16.96,7747909,57.69,41.26,0.41,0.41,0.22,0.0,0.0,0.0,0.0,REP,Marco Rubio (REP),1272824,16.43,57.69,DEM,Val Demings (DEM),41.26,12065,REP,Marco Rubio (REP),49.4,1.7,Marco Rubio (REP),52,7.7,REP
Last updated at 11-13-2022 20:09,Lafayette,Marco Rubio (REP),REP,Val Demings (DEM),DEM,Dennis Misigoy (LPF),LPF,Steven B. Grant (NPA),NPA,Tuan TQ Nguyen (NPA),NPA,Uloma Uma Ekpete (WRI),WRITE-IN/OTHER,Edward A. Gray (WRI),WRITE-IN/OTHER,Howard Knepper (WRI),WRITE-IN/OTHER,Moses Quiles (WRI),WRITE-IN/OTHER,2519,348,11,22,5,0,0,0,0,2905,86.71,11.98,0.38,0.76,0.17,0.0,0.0,0.0,0.0,REP,Marco Rubio (REP),2171,74.73,7747909,57.69,41.26,0.41,0.41,0.22,0.0,0.0,0.0,0.0,REP,Marco Rubio (REP),1272824,16.43,57.69,DEM,Val Demings (DEM),41.26,12067,REP,Marco Rubio (REP),76.5,56.6,Marco Rubio (REP),52,7.7,REP
Last updated at 11-13-2022 20:09,Lake,Marco Rubio (REP),REP,Val Demings (DEM),DEM,Dennis Misigoy (LPF),LPF,Steven B. Grant (NPA),NPA,Tuan TQ Nguyen (NPA),NPA,Uloma Uma Ekpete (WRI),WRITE-IN/OTHER,Edward A. Gray (WRI),WRITE-IN/OTHER,Howard Knepper (WRI),WRITE-IN/OTHER,Moses Quiles (WRI),WRITE-IN/OTHER,103009,55268,619,624,286,0,0,0,0,159806,64.46,34.58,0.39,0.39,0.18,0.0,0.0,0.0,0.0,REP,Marco Rubio (REP),47741,29.87,7747909,57.69,41.26,0.41,0.41,0.22,0.0,0.0,0.0,0.0,REP,Marco Rubio (REP),1272824,16.43,57.69,DEM,Val Demings (DEM),41.26,12069,REP,Marco Rubio (REP),59.9,24.7,Marco Rubio (REP),52,7.7,REP
Last updated at 11-13-2022 20:09,Lee,Marco Rubio (REP),REP,Val Demings (DEM),DEM,Dennis Misigoy (LPF),LPF,Steven B. Grant (NPA),NPA,Tuan TQ Nguyen (NPA),NPA,Uloma Uma Ekpete (WRI),WRITE-IN/OTHER,Edward A. Gray (WRI),WRITE-IN/OTHER,Howard Knepper (WRI),WRITE-IN/OTHER,Moses Quiles (WRI),WRITE-IN/OTHER,185050,87063,898,934,446,0,0,0,0,274391,67.44,31.73,0.33,0.34,0.16,0.0,0.0,0.0,0.0,REP,Marco Rubio (REP),97987,35.71,7747909,57.69,41.26,0.41,0.41,0.22,0.0,0.0,0.0,0.0,REP,Marco Rubio (REP),1272824,16.43,57.69,DEM,Val Demings (DEM),41.26,12071,REP,Marco Rubio (REP),63.6,31.1,Marco Rubio (REP),52,7.7,REP
Last updated at 11-13-2022 20:09,Leon,Marco Rubio (REP),REP,Val Demings (DEM),DEM,Dennis Misigoy (LPF),LPF,Steven B. Grant (NPA),NPA,Tuan TQ Nguyen (NPA),NPA,Uloma Uma Ekpete (WRI),WRITE-IN/OTHER,Edward A. Gray (WRI),WRITE-IN/OTHER,Howard Knepper (WRI),WRITE-IN/OTHER,Moses Quiles (WRI),WRITE-IN/OTHER,46472,69577,493,427,373,0,0,0,0,117342,39.6,59.29,0.42,0.36,0.32,0.0,0.0,0.0,0.0,DEM,Val Demings (DEM),23105,19.69,7747909,57.69,41.26,0.41,0.41,0.22,0.0,0.0,0.0,0.0,REP,Marco Rubio (REP),1272824,16.43,57.69,DEM,Val Demings (DEM),41.26,12073,DEM,Patrick Murphy (DEM),57.4,17.7,Marco Rubio (REP),52,7.7,REP
Last updated at 11-13-2022 20:09,Levy,Marco Rubio (REP),REP,Val Demings (DEM),DEM,Dennis Misigoy (LPF),LPF,Steven B. Grant (NPA),NPA,Tuan TQ Nguyen (NPA),NPA,Uloma Uma Ekpete (WRI),WRITE-IN/OTHER,Edward A. Gray (WRI),WRITE-IN/OTHER,Howard Knepper (WRI),WRITE-IN/OTHER,Moses Quiles (WRI),WRITE-IN/OTHER,13684,3943,69,116,44,0,0,0,0,17856,76.64,22.08,0.39,0.65,0.25,0.0,0.0,0.0,0.0,REP,Marco Rubio (REP),9741,54.55,7747909,57.69,41.26,0.41,0.41,0.22,0.0,0.0,0.0,0.0,REP,Marco Rubio (REP),1272824,16.43,57.69,DEM,Val Demings (DEM),41.26,12075,REP,Marco Rubio (REP),67.7,39.9,Marco Rubio (REP),52,7.7,REP
Last updated at 11-13-2022 20:09,Liberty,Marco Rubio (REP),REP,Val Demings (DEM),DEM,Dennis Misigoy (LPF),LPF,Steven B. Grant (NPA),NPA,Tuan TQ Nguyen (NPA),NPA,Uloma Uma Ekpete (WRI),WRITE-IN/OTHER,Edward A. Gray (WRI),WRITE-IN/OTHER,Howard Knepper (WRI),WRITE-IN/OTHER,Moses Quiles (WRI),WRITE-IN/OTHER,2163,405,11,18,3,0,0,0,0,2600,83.19,15.58,0.42,0.69,0.12,0.0,0.0,0.0,0.0,REP,Marco Rubio (REP),1758,67.62,7747909,57.69,41.26,0.41,0.41,0.22,0.0,0.0,0.0,0.0,REP,Marco Rubio (REP),1272824,16.43,57.69,DEM,Val Demings (DEM),41.26,12077,REP,Marco Rubio (REP),71.4,48.1,Marco Rubio (REP),52,7.7,REP
Last updated at 11-13-2022 20:09,Madison,Marco Rubio (REP),REP,Val Demings (DEM),DEM,Dennis Misigoy (LPF),LPF,Steven B. Grant (NPA),NPA,Tuan TQ Nguyen (NPA),NPA,Uloma Uma Ekpete (WRI),WRITE-IN/OTHER,Edward A. Gray (WRI),WRITE-IN/OTHER,Howard Knepper (WRI),WRITE-IN/OTHER,Moses Quiles (WRI),WRITE-IN/OTHER,4468,2442,23,26,9,0,0,0,0,6968,64.12,35.05,0.33,0.37,0.13,0.0,0.0,0.0,0.0,REP,Marco Rubio (REP),2026,29.08,7747909,57.69,41.26,0.41,0.41,0.22,0.0,0.0,0.0,0.0,REP,Marco Rubio (REP),1272824,16.43,57.69,DEM,Val Demings (DEM),41.26,12079,REP,Marco Rubio (REP),54.6,12.2,Marco Rubio (REP),52,7.7,REP
Last updated at 11-13-2022 20:09,Manatee,Marco Rubio (REP),REP,Val Demings (DEM),DEM,Dennis Misigoy (LPF),LPF,Steven B. Grant (NPA),NPA,Tuan TQ Nguyen (NPA),NPA,Uloma Uma Ekpete (WRI),WRITE-IN/OTHER,Edward A. Gray (WRI),WRITE-IN/OTHER,Howard Knepper (WRI),WRITE-IN/OTHER,Moses Quiles (WRI),WRITE-IN/OTHER,107991,61237,731,677,310,0,0,0,0,170946,63.17,35.82,0.43,0.4,0.18,0.0,0.0,0.0,0.0,REP,Marco Rubio (REP),46754,27.35,7747909,57.69,41.26,0.41,0.41,0.22,0.0,0.0,0.0,0.0,REP,Marco Rubio (REP),1272824,16.43,57.69,DEM,Val Demings (DEM),41.26,12081,REP,Marco Rubio (REP),58.0,20.4,Marco Rubio (REP),52,7.7,REP
Last updated at 11-13-2022 20:09,Marion,Marco Rubio (REP),REP,Val Demings (DEM),DEM,Dennis Misigoy (LPF),LPF,Steven B. Grant (NPA),NPA,Tuan TQ Nguyen (NPA),NPA,Uloma Uma Ekpete (WRI),WRITE-IN/OTHER,Edward A. Gray (WRI),WRITE-IN/OTHER,Howard Knepper (WRI),WRITE-IN/OTHER,Moses Quiles (WRI),WRITE-IN/OTHER,104574,49640,624,578,227,0,0,0,0,155643,67.19,31.89,0.4,0.37,0.15,0.0,0.0,0.0,0.0,REP,Marco Rubio (REP),54934,35.29,7747909,57.69,41.26,0.41,0.41,0.22,0.0,0.0,0.0,0.0,REP,Marco Rubio (REP),1272824,16.43,57.69,DEM,Val Demings (DEM),41.26,12083,REP,Marco Rubio (REP),60.6,26.1,Marco Rubio (REP),52,7.7,REP
Last updated at 11-13-2022 20:09,Martin,Marco Rubio (REP),REP,Val Demings (DEM),DEM,Dennis Misigoy (LPF),LPF,Steven B. Grant (NPA),NPA,Tuan TQ Nguyen (NPA),NPA,Uloma Uma Ekpete (WRI),WRITE-IN/OTHER,Edward A. Gray (WRI),WRITE-IN/OTHER,Howard Knepper (WRI),WRITE-IN/OTHER,Moses Quiles (WRI),WRITE-IN/OTHER,52293,24626,241,258,110,0,0,0,0,77528,67.45,31.76,0.31,0.33,0.14,0.0,0.0,0.0,0.0,REP,Marco Rubio (REP),27667,35.69,7747909,57.69,41.26,0.41,0.41,0.22,0.0,0.0,0.0,0.0,REP,Marco Rubio (REP),1272824,16.43,57.69,DEM,Val Demings (DEM),41.26,12085,REP,Marco Rubio (REP),58.2,18.8,Marco Rubio (REP),52,7.7,REP
Last updated at 11-13-2022 20:09,Miami-Dade,Marco Rubio (REP),REP,Val Demings (DEM),DEM,Dennis Misigoy (LPF),LPF,Steven B. Grant (NPA),NPA,Tuan TQ Nguyen (NPA),NPA,Uloma Uma Ekpete (WRI),WRITE-IN/OTHER,Edward A. Gray (WRI),WRITE-IN/OTHER,Howard Knepper (WRI),WRITE-IN/OTHER,Moses Quiles (WRI),WRITE-IN/OTHER,386116,318712,2591,2628,1255,0,0,0,0,711302,54.28,44.81,0.36,0.37,0.18,0.0,0.0,0.0,0.0,REP,Marco Rubio (REP),67404,9.48,7747909,57.69,41.26,0.41,0.41,0.22,0.0,0.0,0.0,0.0,REP,Marco Rubio (REP),1272824,16.43,57.69,DEM,Val Demings (DEM),41.26,12086,DEM,Patrick Murphy (DEM),54.6,11.3,Marco Rubio (REP),52,7.7,REP
Last updated at 11-13-2022 20:09,Monroe,Marco Rubio (REP),REP,Val Demings (DEM),DEM,Dennis Misigoy (LPF),LPF,Steven B. Grant (NPA),NPA,Tuan TQ Nguyen (NPA),NPA,Uloma Uma Ekpete (WRI),WRITE-IN/OTHER,Edward A. Gray (WRI),WRITE-IN/OTHER,Howard Knepper (WRI),WRITE-IN/OTHER,Moses Quiles (WRI),WRITE-IN/OTHER,19893,13740,150,107,61,0,0,0,0,33951,58.59,40.47,0.44,0.32,0.18,0.0,0.0,0.0,0.0,REP,Marco Rubio (REP),6153,18.12,7747909,57.69,41.26,0.41,0.41,0.22,0.0,0.0,0.0,0.0,REP,Marco Rubio (REP),1272824,16.43,57.69,DEM,Val Demings (DEM),41.26,12087,REP,Marco Rubio (REP),51.7,6.9,Marco Rubio (REP),52,7.7,REP
Last updated at 11-13-2022 20:09,Nassau,Marco Rubio (REP),REP,Val Demings (DEM),DEM,Dennis Misigoy (LPF),LPF,Steven B. Grant (NPA),NPA,Tuan TQ Nguyen (NPA),NPA,Uloma Uma Ekpete (WRI),WRITE-IN/OTHER,Edward A. Gray (WRI),WRITE-IN/OTHER,Howard Knepper (WRI),WRITE-IN/OTHER,Moses Quiles (WRI),WRITE-IN/OTHER,35902,11322,201,166,63,0,0,0,0,47654,75.34,23.76,0.42,0.35,0.13,0.0,0.0,0.0,0.0,REP,Marco Rubio (REP),24580,51.58,7747909,57.69,41.26,0.41,0.41,0.22,0.0,0.0,0.0,0.0,REP,Marco Rubio (REP),1272824,16.43,57.69,DEM,Val Demings (DEM),41.26,12089,REP,Marco Rubio (REP),75.8,55.1,Marco Rubio (REP),52,7.7,REP
Last updated at 11-13-2022 20:09,Okaloosa,Marco Rubio (REP),REP,Val Demings (DEM),DEM,Dennis Misigoy (LPF),LPF,Steven B. Grant (NPA),NPA,Tuan TQ Nguyen (NPA),NPA,Uloma Uma Ekpete (WRI),WRITE-IN/OTHER,Edward A. Gray (WRI),WRITE-IN/OTHER,Howard Knepper (WRI),WRITE-IN/OTHER,Moses Quiles (WRI),WRITE-IN/OTHER,60746,18814,469,371,286,0,0,0,0,80686,75.29,23.32,0.58,0.46,0.35,0.0,0.0,0.0,0.0,REP,Marco Rubio (REP),41932,51.97,7747909,57.69,41.26,0.41,0.41,0.22,0.0,0.0,0.0,0.0,REP,Marco Rubio (REP),1272824,16.43,57.69,DEM,Val Demings (DEM),41.26,12091,REP,Marco Rubio (REP),74.8,54.0,Marco Rubio (REP),52,7.7,REP
Last updated at 11-13-2022 20:09,Okeechobee,Marco Rubio (REP),REP,Val Demings (DEM),DEM,Dennis Misigoy (LPF),LPF,Steven B. Grant (NPA),NPA,Tuan TQ Nguyen (NPA),NPA,Uloma Uma Ekpete (WRI),WRITE-IN/OTHER,Edward A. Gray (WRI),WRITE-IN/OTHER,Howard Knepper (WRI),WRITE-IN/OTHER,Moses Quiles (WRI),WRITE-IN/OTHER,8523,2216,38,59,16,0,0,0,0,10852,78.54,20.42,0.35,0.54,0.15,0.0,0.0,0.0,0.0,REP,Marco Rubio (REP),6307,58.12,7747909,57.69,41.26,0.41,0.41,0.22,0.0,0.0,0.0,0.0,REP,Marco Rubio (REP),1272824,16.43,57.69,DEM,Val Demings (DEM),41.26,12093,REP,Marco Rubio (REP),64.1,32.3,Marco Rubio (REP),52,7.7,REP
Last updated at 11-13-2022 20:09,Orange,Marco Rubio (REP),REP,Val Demings (DEM),DEM,Dennis Misigoy (LPF),LPF,Steven B. Grant (NPA),NPA,Tuan TQ Nguyen (NPA),NPA,Uloma Uma Ekpete (WRI),WRITE-IN/OTHER,Edward A. Gray (WRI),WRITE-IN/OTHER,Howard Knepper (WRI),WRITE-IN/OTHER,Moses Quiles (WRI),WRITE-IN/OTHER,176705,225109,1754,1386,1221,0,0,0,0,406175,43.5,55.42,0.43,0.34,0.3,0.0,0.0,0.0,0.0,DEM,Val Demings (DEM),48404,11.92,7747909,57.69,41.26,0.41,0.41,0.22,0.0,0.0,0.0,0.0,REP,Marco Rubio (REP),1272824,16.43,57.69,DEM,Val Demings (DEM),41.26,12095,DEM,Patrick Murphy (DEM),54.4,12.7,Marco Rubio (REP),52,7.7,REP
Last updated at 11-13-2022 20:09,Osceola,Marco Rubio (REP),REP,Val Demings (DEM),DEM,Dennis Misigoy (LPF),LPF,Steven B. Grant (NPA),NPA,Tuan TQ Nguyen (NPA),NPA,Uloma Uma Ekpete (WRI),WRITE-IN/OTHER,Edward A. Gray (WRI),WRITE-IN/OTHER,Howard Knepper (WRI),WRITE-IN/OTHER,Moses Quiles (WRI),WRITE-IN/OTHER,51376,49867,530,513,310,0,0,0,0,102596,50.08,48.61,0.52,0.5,0.3,0.0,0.0,0.0,0.0,REP,Marco Rubio (REP),1509,1.47,7747909,57.69,41.26,0.41,0.41,0.22,0.0,0.0,0.0,0.0,REP,Marco Rubio (REP),1272824,16.43,57.69,DEM,Val Demings (DEM),41.26,12097,DEM,Patrick Murphy (DEM),54.6,13.4,Marco Rubio (REP),52,7.7,REP
Last updated at 11-13-2022 20:09,Palm Beach,Marco Rubio (REP),REP,Val Demings (DEM),DEM,Dennis Misigoy (LPF),LPF,Steven B. Grant (NPA),NPA,Tuan TQ Nguyen (NPA),NPA,Uloma Uma Ekpete (WRI),WRITE-IN/OTHER,Edward A. Gray (WRI),WRITE-IN/OTHER,Howard Knepper (WRI),WRITE-IN/OTHER,Moses Quiles (WRI),WRITE-IN/OTHER,267371,269265,1794,2234,1005,0,0,0,0,541669,49.36,49.71,0.33,0.41,0.19,0.0,0.0,0.0,0.0,DEM,Val Demings (DEM),1894,0.35,7747909,57.69,41.26,0.41,0.41,0.22,0.0,0.0,0.0,0.0,REP,Marco Rubio (REP),1272824,16.43,57.69,DEM,Val Demings (DEM),41.26,12099,DEM,Patrick Murphy (DEM),53.7,9.6,Marco Rubio (REP),52,7.7,REP
Last updated at 11-13-2022 20:09,Pasco,Marco Rubio (REP),REP,Val Demings (DEM),DEM,Dennis Misigoy (LPF),LPF,Steven B. Grant (NPA),NPA,Tuan TQ Nguyen (NPA),NPA,Uloma Uma Ekpete (WRI),WRITE-IN/OTHER,Edward A. Gray (WRI),WRITE-IN/OTHER,Howard Knepper (WRI),WRITE-IN/OTHER,Moses Quiles (WRI),WRITE-IN/OTHER,143668,77588,1060,1325,622,0,0,0,0,224263,64.06,34.6,0.47,0.59,0.28,0.0,0.0,0.0,0.0,REP,Marco Rubio (REP),66080,29.47,7747909,57.69,41.26,0.41,0.41,0.22,0.0,0.0,0.0,0.0,REP,Marco Rubio (REP),1272824,16.43,57.69,DEM,Val Demings (DEM),41.26,12101,REP,Marco Rubio (REP),56.7,19.4,Marco Rubio (REP),52,7.7,REP
Last updated at 11-13-2022 20:09,Pinellas,Marco Rubio (REP),REP,Val Demings (DEM),DEM,Dennis Misigoy (LPF),LPF,Steven B. Grant (NPA),NPA,Tuan TQ Nguyen (NPA),NPA,Uloma Uma Ekpete (WRI),WRITE-IN/OTHER,Edward A. Gray (WRI),WRITE-IN/OTHER,Howard Knepper (WRI),WRITE-IN/OTHER,Moses Quiles (WRI),WRITE-IN/OTHER,223643,191914,2598,2351,1287,0,0,0,0,421793,53.02,45.5,0.62,0.56,0.31,0.0,0.0,0.0,0.0,REP,Marco Rubio (REP),31729,7.52,7747909,57.69,41.26,0.41,0.41,0.22,0.0,0.0,0.0,0.0,REP,Marco Rubio (REP),1272824,16.43,57.69,DEM,Val Demings (DEM),41.26,12103,REP,Marco Rubio (REP),48.8,2.8,Marco Rubio (REP),52,7.7,REP
Last updated at 11-13-2022 20:09,Polk,Marco Rubio (REP),REP,Val Demings (DEM),DEM,Dennis Misigoy (LPF),LPF,Steven B. Grant (NPA),NPA,Tuan TQ Nguyen (NPA),NPA,Uloma Uma Ekpete (WRI),WRITE-IN/OTHER,Edward A. Gray (WRI),WRITE-IN/OTHER,Howard Knepper (WRI),WRITE-IN/OTHER,Moses Quiles (WRI),WRITE-IN/OTHER,144405,82166,977,1206,493,0,0,0,0,229247,62.99,35.84,0.43,0.53,0.22,0.0,0.0,0.0,0.0,REP,Marco Rubio (REP),62239,27.15,7747909,57.69,41.26,0.41,0.41,0.22,0.0,0.0,0.0,0.0,REP,Marco Rubio (REP),1272824,16.43,57.69,DEM,Val Demings (DEM),41.26,12105,REP,Marco Rubio (REP),55.7,16.3,Marco Rubio (REP),52,7.7,REP
Last updated at 11-13-2022 20:09,Putnam,Marco Rubio (REP),REP,Val Demings (DEM),DEM,Dennis Misigoy (LPF),LPF,Steven B. Grant (NPA),NPA,Tuan TQ Nguyen (NPA),NPA,Uloma Uma Ekpete (WRI),WRITE-IN/OTHER,Edward A. Gray (WRI),WRITE-IN/OTHER,Howard Knepper (WRI),WRITE-IN/OTHER,Moses Quiles (WRI),WRITE-IN/OTHER,19807,6442,96,139,43,0,0,0,0,26527,74.67,24.28,0.36,0.52,0.16,0.0,0.0,0.0,0.0,REP,Marco Rubio (REP),13365,50.38,7747909,57.69,41.26,0.41,0.41,0.22,0.0,0.0,0.0,0.0,REP,Marco Rubio (REP),1272824,16.43,57.69,DEM,Val Demings (DEM),41.26,12107,REP,Marco Rubio (REP),65.7,35.4,Marco Rubio (REP),52,7.7,REP
Last updated at 11-13-2022 20:09,Santa Rosa,Marco Rubio (REP),REP,Val Demings (DEM),DEM,Dennis Misigoy (LPF),LPF,Steven B. Grant (NPA),NPA,Tuan TQ Nguyen (NPA),NPA,Uloma Uma Ekpete (WRI),WRITE-IN/OTHER,Edward A. Gray (WRI),WRITE-IN/OTHER,Howard Knepper (WRI),WRITE-IN/OTHER,Moses Quiles (WRI),WRITE-IN/OTHER,58330,15416,388,319,184,0,0,0,0,74637,78.15,20.65,0.52,0.43,0.25,0.0,0.0,0.0,0.0,REP,Marco Rubio (REP),42914,57.5,7747909,57.69,41.26,0.41,0.41,0.22,0.0,0.0,0.0,0.0,REP,Marco Rubio (REP),1272824,16.43,57.69,DEM,Val Demings (DEM),41.26,12113,REP,Marco Rubio (REP),76.9,58.2,Marco Rubio (REP),52,7.7,REP
Last updated at 11-13-2022 20:09,Sarasota,Marco Rubio (REP),REP,Val Demings (DEM),DEM,Dennis Misigoy (LPF),LPF,Steven B. Grant (NPA),NPA,Tuan TQ Nguyen (NPA),NPA,Uloma Uma Ekpete (WRI),WRITE-IN/OTHER,Edward A. Gray (WRI),WRITE-IN/OTHER,Howard Knepper (WRI),WRITE-IN/OTHER,Moses Quiles (WRI),WRITE-IN/OTHER,129718,86485,743,829,355,0,0,0,0,218130,59.47,39.65,0.34,0.38,0.16,0.0,0.0,0.0,0.0,REP,Marco Rubio (REP),43233,19.82,7747909,57.69,41.26,0.41,0.41,0.22,0.0,0.0,0.0,0.0,REP,Marco Rubio (REP),1272824,16.43,57.69,DEM,Val Demings (DEM),41.26,12115,REP,Marco Rubio (REP),55.0,14.1,Marco Rubio (REP),52,7.7,REP
Last updated at 11-13-2022 20:09,Seminole,Marco Rubio (REP),REP,Val Demings (DEM),DEM,Dennis Misigoy (LPF),LPF,Steven B. Grant (NPA),NPA,Tuan TQ Nguyen (NPA),NPA,Uloma Uma Ekpete (WRI),WRITE-IN/OTHER,Edward A. Gray (WRI),WRITE-IN/OTHER,Howard Knepper (WRI),WRITE-IN/OTHER,Moses Quiles (WRI),WRITE-IN/OTHER,97707,83188,869,650,457,0,0,0,0,182871,53.43,45.49,0.48,0.36,0.25,0.0,0.0,0.0,0.0,REP,Marco Rubio (REP),14519,7.94,7747909,57.69,41.26,0.41,0.41,0.22,0.0,0.0,0.0,0.0,REP,Marco Rubio (REP),1272824,16.43,57.69,DEM,Val Demings (DEM),41.26,12117,REP,Marco Rubio (REP),53.2,10.5,Marco Rubio (REP),52,7.7,REP
Last updated at 11-13-2022 20:09,St. Johns,Marco Rubio (REP),REP,Val Demings (DEM),DEM,Dennis Misigoy (LPF),LPF,Steven B. Grant (NPA),NPA,Tuan TQ Nguyen (NPA),NPA,Uloma Uma Ekpete (WRI),WRITE-IN/OTHER,Edward A. Gray (WRI),WRITE-IN/OTHER,Howard Knepper (WRI),WRITE-IN/OTHER,Moses Quiles (WRI),WRITE-IN/OTHER,98498,44309,655,474,284,0,0,0,0,144220,68.3,30.72,0.45,0.33,0.2,0.0,0.0,0.0,0.0,REP,Marco Rubio (REP),54189,37.57,7747909,57.69,41.26,0.41,0.41,0.22,0.0,0.0,0.0,0.0,REP,Marco Rubio (REP),1272824,16.43,57.69,DEM,Val Demings (DEM),41.26,12109,REP,Marco Rubio (REP),70.6,44.4,Marco Rubio (REP),52,7.7,REP
Last updated at 11-13-2022 20:09,St. Lucie,Marco Rubio (REP),REP,Val Demings (DEM),DEM,Dennis Misigoy (LPF),LPF,Steven B. Grant (NPA),NPA,Tuan TQ Nguyen (NPA),NPA,Uloma Uma Ekpete (WRI),WRITE-IN/OTHER,Edward A. Gray (WRI),WRITE-IN/OTHER,Howard Knepper (WRI),WRITE-IN/OTHER,Moses Quiles (WRI),WRITE-IN/OTHER,69850,50771,414,414,220,0,0,0,0,121669,57.41,41.73,0.34,0.34,0.18,0.0,0.0,0.0,0.0,REP,Marco Rubio (REP),19079,15.68,7747909,57.69,41.26,0.41,0.41,0.22,0.0,0.0,0.0,0.0,REP,Marco Rubio (REP),1272824,16.43,57.69,DEM,Val Demings (DEM),41.26,12111,DEM,Patrick Murphy (DEM),49.9,2.5,Marco Rubio (REP),52,7.7,REP
Last updated at 11-13-2022 20:09,Sumter,Marco Rubio (REP),REP,Val Demings (DEM),DEM,Dennis Misigoy (LPF),LPF,Steven B. Grant (NPA),NPA,Tuan TQ Nguyen (NPA),NPA,Uloma Uma Ekpete (WRI),WRITE-IN/OTHER,Edward A. Gray (WRI),WRITE-IN/OTHER,Howard Knepper (WRI),WRITE-IN/OTHER,Moses Quiles (WRI),WRITE-IN/OTHER,63789,25000,189,219,90,0,0,0,0,89287,71.44,28.0,0.21,0.25,0.1,0.0,0.0,0.0,0.0,REP,Marco Rubio (REP),38789,43.44,7747909,57.69,41.26,0.41,0.41,0.22,0.0,0.0,0.0,0.0,REP,Marco Rubio (REP),1272824,16.43,57.69,DEM,Val Demings (DEM),41.26,12119,REP,Marco Rubio (REP),68.3,40.4,Marco Rubio (REP),52,7.7,REP
Last updated at 11-13-2022 20:09,Suwannee,Marco Rubio (REP),REP,Val Demings (DEM),DEM,Dennis Misigoy (LPF),LPF,Steven B. Grant (NPA),NPA,Tuan TQ Nguyen (NPA),NPA,Uloma Uma Ekpete (WRI),WRITE-IN/OTHER,Edward A. Gray (WRI),WRITE-IN/OTHER,Howard Knepper (WRI),WRITE-IN/OTHER,Moses Quiles (WRI),WRITE-IN/OTHER,13113,3017,57,82,23,0,0,0,0,16292,80.49,18.52,0.35,0.5,0.14,0.0,0.0,0.0,0.0,REP,Marco Rubio (REP),10096,61.97,7747909,57.69,41.26,0.41,0.41,0.22,0.0,0.0,0.0,0.0,REP,Marco Rubio (REP),1272824,16.43,57.69,DEM,Val Demings (DEM),41.26,12121,REP,Marco Rubio (REP),72.1,47.9,Marco Rubio (REP),52,7.7,REP
Last updated at 11-13-2022 20:09,Taylor,Marco Rubio (REP),REP,Val Demings (DEM),DEM,Dennis Misigoy (LPF),LPF,Steven B. Grant (NPA),NPA,Tuan TQ Nguyen (NPA),NPA,Uloma Uma Ekpete (WRI),WRITE-IN/OTHER,Edward A. Gray (WRI),WRITE-IN/OTHER,Howard Knepper (WRI),WRITE-IN/OTHER,Moses Quiles (WRI),WRITE-IN/OTHER,6055,1495,25,26,8,0,0,0,0,7609,79.58,19.65,0.33,0.34,0.11,0.0,0.0,0.0,0.0,REP,Marco Rubio (REP),4560,59.93,7747909,57.69,41.26,0.41,0.41,0.22,0.0,0.0,0.0,0.0,REP,Marco Rubio (REP),1272824,16.43,57.69,DEM,Val Demings (DEM),41.26,12123,REP,Marco Rubio (REP),67.3,38.5,Marco Rubio (REP),52,7.7,REP
Last updated at 11-13-2022 20:09,Union,Marco Rubio (REP),REP,Val Demings (DEM),DEM,Dennis Misigoy (LPF),LPF,Steven B. Grant (NPA),NPA,Tuan TQ Nguyen (NPA),NPA,Uloma Uma Ekpete (WRI),WRITE-IN/OTHER,Edward A. Gray (WRI),WRITE-IN/OTHER,Howard Knepper (WRI),WRITE-IN/OTHER,Moses Quiles (WRI),WRITE-IN/OTHER,3916,580,13,22,7,0,0,0,0,4538,86.29,12.78,0.29,0.48,0.15,0.0,0.0,0.0,0.0,REP,Marco Rubio (REP),3336,73.51,7747909,57.69,41.26,0.41,0.41,0.22,0.0,0.0,0.0,0.0,REP,Marco Rubio (REP),1272824,16.43,57.69,DEM,Val Demings (DEM),41.26,12125,REP,Marco Rubio (REP),77.4,58.3,Marco Rubio (REP),52,7.7,REP
Last updated at 11-13-2022 20:09,Volusia,Marco Rubio (REP),REP,Val Demings (DEM),DEM,Dennis Misigoy (LPF),LPF,Steven B. Grant (NPA),NPA,Tuan TQ Nguyen (NPA),NPA,Uloma Uma Ekpete (WRI),WRITE-IN/OTHER,Edward A. Gray (WRI),WRITE-IN/OTHER,Howard Knepper (WRI),WRITE-IN/OTHER,Moses Quiles (WRI),WRITE-IN/OTHER,138717,84345,939,868,417,0,0,0,0,225286,61.57,37.44,0.42,0.39,0.19,0.0,0.0,0.0,0.0,REP,Marco Rubio (REP),54372,24.13,7747909,57.69,41.26,0.41,0.41,0.22,0.0,0.0,0.0,0.0,REP,Marco Rubio (REP),1272824,16.43,57.69,DEM,Val Demings (DEM),41.26,12127,REP,Marco Rubio (REP),54.5,13.8,Marco Rubio (REP),52,7.7,REP
Last updated at 11-13-2022 20:09,Wakulla,Marco Rubio (REP),REP,Val Demings (DEM),DEM,Dennis Misigoy (LPF),LPF,Steven B. Grant (NPA),NPA,Tuan TQ Nguyen (NPA),NPA,Uloma Uma Ekpete (WRI),WRITE-IN/OTHER,Edward A. Gray (WRI),WRITE-IN/OTHER,Howard Knepper (WRI),WRITE-IN/OTHER,Moses Quiles (WRI),WRITE-IN/OTHER,10480,4337,69,65,35,0,0,0,0,14986,69.93,28.94,0.46,0.43,0.23,0.0,0.0,0.0,0.0,REP,Marco Rubio (REP),6143,40.99,7747909,57.69,41.26,0.41,0.41,0.22,0.0,0.0,0.0,0.0,REP,Marco Rubio (REP),1272824,16.43,57.69,DEM,Val Demings (DEM),41.26,12129,REP,Marco Rubio (REP),64.3,32.4,Marco Rubio (REP),52,7.7,REP
Last updated at 11-13-2022 20:09,Walton,Marco Rubio (REP),REP,Val Demings (DEM),DEM,Dennis Misigoy (LPF),LPF,Steven B. Grant (NPA),NPA,Tuan TQ Nguyen (NPA),NPA,Uloma Uma Ekpete (WRI),WRITE-IN/OTHER,Edward A. Gray (WRI),WRITE-IN/OTHER,Howard Knepper (WRI),WRITE-IN/OTHER,Moses Quiles (WRI),WRITE-IN/OTHER,28178,6317,124,98,65,0,0,0,0,34782,81.01,18.16,0.36,0.28,0.19,0.0,0.0,0.0,0.0,REP,Marco Rubio (REP),21861,62.85,7747909,57.69,41.26,0.41,0.41,0.22,0.0,0.0,0.0,0.0,REP,Marco Rubio (REP),1272824,16.43,57.69,DEM,Val Demings (DEM),41.26,12131,REP,Marco Rubio (REP),77.2,58.2,Marco Rubio (REP),52,7.7,REP
Last updated at 11-13-2022 20:09,Washington,Marco Rubio (REP),REP,Val Demings (DEM),DEM,Dennis Misigoy (LPF),LPF,Steven B. Grant (NPA),NPA,Tuan TQ Nguyen (NPA),NPA,Uloma Uma Ekpete (WRI),WRITE-IN/OTHER,Edward A. Gray (WRI),WRITE-IN/OTHER,Howard Knepper (WRI),WRITE-IN/OTHER,Moses Quiles (WRI),WRITE-IN/OTHER,7641,1345,42,50,17,0,0,0,0,9095,84.01,14.79,0.46,0.55,0.19,0.0,0.0,0.0,0.0,REP,Marco Rubio (REP),6296,69.22,7747909,57.69,41.26,0.41,0.41,0.22,0.0,0.0,0.0,0.0,REP,Marco Rubio (REP),1272824,16.43,57.69,DEM,Val Demings (DEM),41.26,12133,REP,Marco Rubio (REP),75.5,55.3,Marco Rubio (REP),52,7.7,REP
